"date","userType","users","sessions","pageviews","sessionDuration","bounces","X3pg","Buypg","SocialShare","RCA","viewName"
2015-11-01,"New Visitor",190124,190124,326953,16138551,70204,27607,17975,96,2269,"F: FIFA MKT"
2015-11-01,"Returning Visitor",99345,127016,295053,27706820,64813,28331,8044,43,1151,"F: FIFA MKT"
2015-11-02,"New Visitor",182922,182922,310683,14685268,64632,25422,13446,117,2056,"F: FIFA MKT"
2015-11-02,"Returning Visitor",99772,126078,280914,29418269,64089,27180,5445,21,597,"F: FIFA MKT"
2015-11-03,"New Visitor",194035,194035,319154,15113751,82074,25369,20148,75,1598,"F: FIFA MKT"
2015-11-03,"Returning Visitor",117906,144010,298132,27399206,81179,28459,5636,64,703,"F: FIFA MKT"
2015-11-04,"New Visitor",216207,216207,345184,15496642,102041,26051,33168,149,3782,"F: FIFA MKT"
2015-11-04,"Returning Visitor",130979,161175,321413,27822318,92484,29077,6776,53,1257,"F: FIFA MKT"
2015-11-05,"New Visitor",161026,161026,280775,13907169,62554,24346,14522,107,3069,"F: FIFA MKT"
2015-11-05,"Returning Visitor",93698,117107,247351,22953767,62725,23334,5636,43,767,"F: FIFA MKT"
2015-11-06,"New Visitor",169241,169241,288617,13605500,67370,24133,12115,107,2110,"F: FIFA MKT"
2015-11-06,"Returning Visitor",94657,117874,242322,24049709,64259,22844,5114,64,671,"F: FIFA MKT"
2015-11-07,"New Visitor",200939,200939,329063,15443698,80913,26957,18486,96,2184,"F: FIFA MKT"
2015-11-07,"Returning Visitor",107763,134453,283982,24773138,72176,27148,6883,11,767,"F: FIFA MKT"
2015-11-08,"New Visitor",180109,180109,306017,15052464,68660,25231,16867,107,2621,"F: FIFA MKT"
2015-11-08,"Returning Visitor",97417,123116,267553,25087593,66284,24847,6180,75,927,"F: FIFA MKT"
2015-11-09,"New Visitor",161367,161367,278293,14021111,57110,23174,11305,107,1929,"F: FIFA MKT"
2015-11-09,"Returning Visitor",91578,116084,256951,25636081,58974,25689,4709,43,703,"F: FIFA MKT"
2015-11-10,"New Visitor",157574,157574,270749,13110563,57280,23281,11283,75,1790,"F: FIFA MKT"
2015-11-10,"Returning Visitor",86826,108945,248321,26404932,54563,24645,4528,53,575,"F: FIFA MKT"
2015-11-11,"New Visitor",162475,162475,275512,13393906,62938,22759,11092,117,1662,"F: FIFA MKT"
2015-11-11,"Returning Visitor",110384,135412,292698,25917048,75255,27223,4901,75,756,"F: FIFA MKT"
2015-11-12,"New Visitor",147090,147090,252497,12114818,52592,21097,11507,107,1513,"F: FIFA MKT"
2015-11-12,"Returning Visitor",81563,103320,230485,22285657,53583,22045,4347,32,490,"F: FIFA MKT"
2015-11-13,"New Visitor",166215,166215,277163,12607688,67583,22588,13446,96,1598,"F: FIFA MKT"
2015-11-13,"Returning Visitor",99281,122338,256312,23973889,66955,24272,4763,43,735,"F: FIFA MKT"
2015-11-14,"New Visitor",178308,178308,304781,13841024,68031,25806,12850,96,1865,"F: FIFA MKT"
2015-11-14,"Returning Visitor",99835,126227,277259,26995229,67637,27138,5061,64,703,"F: FIFA MKT"
2015-11-15,"New Visitor",179608,179608,303065,14472033,66518,25518,14874,75,1971,"F: FIFA MKT"
2015-11-15,"Returning Visitor",96735,123862,276748,28183250,64419,26722,4880,75,693,"F: FIFA MKT"
2015-11-16,"New Visitor",160866,160866,267787,13212380,56407,22013,12701,75,1694,"F: FIFA MKT"
2015-11-16,"Returning Visitor",89170,113793,256962,27135446,57270,25422,4326,85,618,"F: FIFA MKT"
2015-11-17,"New Visitor",151245,151245,255790,11735262,54233,21054,14981,53,1790,"F: FIFA MKT"
2015-11-17,"Returning Visitor",78824,100549,232850,25126142,50823,22322,4070,21,479,"F: FIFA MKT"
2015-11-18,"New Visitor",176806,176806,289320,13219881,81403,22130,13723,32,1822,"F: FIFA MKT"
2015-11-18,"Returning Visitor",119930,145214,299176,26962945,85537,26797,3910,32,607,"F: FIFA MKT"
2015-11-19,"New Visitor",154132,154132,254149,11866551,60338,20425,14469,43,1790,"F: FIFA MKT"
2015-11-19,"Returning Visitor",83363,104960,236696,23495180,54744,22290,3655,43,437,"F: FIFA MKT"
2015-11-20,"New Visitor",162145,162145,270589,12886673,59837,22471,16131,96,1577,"F: FIFA MKT"
2015-11-20,"Returning Visitor",82234,105589,239371,25325611,53317,24208,4049,32,682,"F: FIFA MKT"
2015-11-21,"New Visitor",182027,182027,309032,13953624,72389,26019,23025,139,2163,"F: FIFA MKT"
2015-11-21,"Returning Visitor",91770,118428,264591,24117399,62064,26019,6340,64,820,"F: FIFA MKT"
2015-11-22,"New Visitor",183625,183625,316437,14624546,72080,26243,20340,107,2280,"F: FIFA MKT"
2015-11-22,"Returning Visitor",91642,117373,270834,24289058,60338,26658,5999,53,661,"F: FIFA MKT"
2015-11-23,"New Visitor",158884,158884,275182,12247961,60871,23515,18177,53,1705,"F: FIFA MKT"
2015-11-23,"Returning Visitor",88126,112898,261149,25560901,55224,26829,5658,75,799,"F: FIFA MKT"
2015-11-24,"New Visitor",172640,172640,298888,14220750,62885,24975,19903,160,2152,"F: FIFA MKT"
2015-11-24,"Returning Visitor",99889,131001,310108,28302008,59901,32092,9323,75,1129,"F: FIFA MKT"
2015-11-25,"New Visitor",209069,209069,335914,13188513,94018,25049,18582,75,2088,"F: FIFA MKT"
2015-11-25,"Returning Visitor",145438,175889,344800,28334772,104928,30494,7352,85,959,"F: FIFA MKT"
2015-11-26,"New Visitor",186779,186779,310183,14311774,74648,24229,21960,75,2536,"F: FIFA MKT"
2015-11-26,"Returning Visitor",108178,132780,287200,27604343,70034,28225,6169,64,1023,"F: FIFA MKT"
2015-11-27,"New Visitor",234619,234619,390701,17291507,85995,32007,32806,107,5594,"F: FIFA MKT"
2015-11-27,"Returning Visitor",124246,158714,338162,33417634,77908,34660,10452,53,2216,"F: FIFA MKT"
2015-11-28,"New Visitor",217401,217401,363062,16794844,86549,29461,38560,117,4582,"F: FIFA MKT"
2015-11-28,"Returning Visitor",105429,135114,303481,29556260,69341,29109,11006,75,1588,"F: FIFA MKT"
2015-11-29,"New Visitor",205105,205105,345567,15755639,85547,27585,39497,117,3260,"F: FIFA MKT"
2015-11-29,"Returning Visitor",100656,128113,282672,28232241,68425,27575,11678,96,1087,"F: FIFA MKT"
2015-11-30,"New Visitor",183998,183998,310769,14488037,71131,25806,28001,75,3175,"F: FIFA MKT"
2015-11-30,"Returning Visitor",93965,122189,279518,30882782,60306,29152,6883,53,938,"F: FIFA MKT"
2015-12-01,"New Visitor",175271,175271,297706,13281306,70098,25380,22364,117,2994,"F: FIFA MKT"
2015-12-01,"Returning Visitor",90800,114475,251837,24324283,57003,25678,5253,21,842,"F: FIFA MKT"
2015-12-02,"New Visitor",180151,180151,299272,12707545,85633,23153,16462,32,1865,"F: FIFA MKT"
2015-12-02,"Returning Visitor",132759,156711,288916,21966461,98877,24442,5189,0,874,"F: FIFA MKT"
2015-12-03,"New Visitor",195303,195303,298025,11633445,104598,20809,17506,139,2163,"F: FIFA MKT"
2015-12-03,"Returning Visitor",88392,107123,215770,18465155,59454,19882,4496,64,703,"F: FIFA MKT"
2015-12-04,"New Visitor",162550,162550,271516,11870152,67818,21214,19179,43,2280,"F: FIFA MKT"
2015-12-04,"Returning Visitor",80529,98408,209239,18739249,52358,19424,5285,53,799,"F: FIFA MKT"
2015-12-05,"New Visitor",188643,188643,308297,13293847,91482,23963,24059,75,2440,"F: FIFA MKT"
2015-12-05,"Returning Visitor",82021,101924,214183,19283220,56588,19221,7107,96,810,"F: FIFA MKT"
2015-11-01,"New Visitor",54978,54890,177376,7862681,24765,18800,14191,10,2092,"01 TS Main"
2015-11-01,"Returning Visitor",39931,47241,158899,8092281,23284,14463,7853,24,1637,"01 TS Main"
2015-11-02,"New Visitor",44768,44693,153681,6659280,19334,16188,12394,14,1766,"01 TS Main"
2015-11-02,"Returning Visitor",31443,37747,126899,6383499,17690,11746,6875,41,1213,"01 TS Main"
2015-11-03,"New Visitor",41772,41724,138705,6046973,17238,15173,11335,20,1389,"01 TS Main"
2015-11-03,"Returning Visitor",34231,41646,135390,7463552,18583,12989,7595,44,1148,"01 TS Main"
2015-11-04,"New Visitor",41656,41602,129847,6022086,17795,13940,10180,41,1080,"01 TS Main"
2015-11-04,"Returning Visitor",39493,46147,134453,7869336,21103,13036,6868,65,937,"01 TS Main"
2015-11-05,"New Visitor",39160,39102,126491,5682999,16008,13739,9908,24,1172,"01 TS Main"
2015-11-05,"Returning Visitor",33630,39095,123128,7008411,17656,11420,5869,54,730,"01 TS Main"
2015-11-06,"New Visitor",44374,44306,142904,6250086,18729,15380,11457,20,1437,"01 TS Main"
2015-11-06,"Returning Visitor",33338,38827,123876,6746744,17126,11807,6515,34,975,"01 TS Main"
2015-11-07,"New Visitor",57889,57814,188646,8845389,23454,20424,14891,37,2004,"01 TS Main"
2015-11-07,"Returning Visitor",42818,50236,157282,8875086,22635,14599,8441,48,1274,"01 TS Main"
2015-11-08,"New Visitor",58371,58286,185365,8451575,24548,20016,14884,14,1742,"01 TS Main"
2015-11-08,"Returning Visitor",40688,47584,150084,8615518,21283,14072,8458,37,1359,"01 TS Main"
2015-11-09,"New Visitor",38338,38287,120170,5161827,16457,13328,10771,31,1073,"01 TS Main"
2015-11-09,"Returning Visitor",27207,31925,99712,5321500,14809,9021,5326,37,791,"01 TS Main"
2015-11-10,"New Visitor",38083,38042,121916,5218480,15574,13366,9748,34,1104,"01 TS Main"
2015-11-10,"Returning Visitor",31657,37057,113095,6079645,16324,10509,6015,61,707,"01 TS Main"
2015-11-11,"New Visitor",41313,41269,128889,5843735,17204,14015,10397,17,1172,"01 TS Main"
2015-11-11,"Returning Visitor",35668,42020,124705,7585777,18335,11403,6386,65,819,"01 TS Main"
2015-11-12,"New Visitor",36371,36317,119610,5063053,14595,12958,9324,37,992,"01 TS Main"
2015-11-12,"Returning Visitor",29422,34469,105541,6002215,15010,10506,5221,41,642,"01 TS Main"
2015-11-13,"New Visitor",43579,43460,138665,5686371,16851,14928,10207,31,1134,"01 TS Main"
2015-11-13,"Returning Visitor",33460,39449,120075,6347356,16477,11284,5852,65,992,"01 TS Main"
2015-11-14,"New Visitor",55657,55590,179489,7791929,22364,19385,13607,24,1715,"01 TS Main"
2015-11-14,"Returning Visitor",38936,46276,144510,7948827,19877,13512,7456,44,1213,"01 TS Main"
2015-11-15,"New Visitor",56585,56513,183443,8090009,22741,20424,14477,24,1776,"01 TS Main"
2015-11-15,"Returning Visitor",39099,46609,156538,8408720,19860,14188,8186,58,1372,"01 TS Main"
2015-11-16,"New Visitor",39877,39815,127697,5491682,17530,13821,12639,20,1219,"01 TS Main"
2015-11-16,"Returning Visitor",25869,30954,98428,5124515,13705,9001,5187,44,849,"01 TS Main"
2015-11-17,"New Visitor",42968,42893,131586,5832509,18131,13947,11399,58,1141,"01 TS Main"
2015-11-17,"Returning Visitor",32119,37672,112337,6471146,16093,10244,6138,48,883,"01 TS Main"
2015-11-18,"New Visitor",45074,43185,123686,5882922,16983,13427,10693,27,1230,"01 TS Main"
2015-11-18,"Returning Visitor",38688,42017,112195,7342927,16372,10030,5920,82,883,"01 TS Main"
2015-11-19,"New Visitor",45155,43620,130594,5748741,18546,13672,11182,24,1107,"01 TS Main"
2015-11-19,"Returning Visitor",33043,35977,103679,6976680,13121,10081,5503,44,839,"01 TS Main"
2015-11-20,"New Visitor",54788,53079,155974,6889297,22330,17014,12479,31,1433,"01 TS Main"
2015-11-20,"Returning Visitor",33674,36986,107837,6843069,13539,10377,6263,58,975,"01 TS Main"
2015-11-21,"New Visitor",70086,67851,202474,9388602,27645,22397,16416,10,1824,"01 TS Main"
2015-11-21,"Returning Visitor",44907,49673,151406,9168675,18515,14398,8651,51,1253,"01 TS Main"
2015-11-22,"New Visitor",72362,70117,211088,9779393,28586,22958,17533,71,1943,"01 TS Main"
2015-11-22,"Returning Visitor",45434,50488,158358,9399987,19273,14765,8947,68,1365,"01 TS Main"
2015-11-23,"New Visitor",51262,49842,144952,6633808,20869,16066,12968,20,1365,"01 TS Main"
2015-11-23,"Returning Visitor",33905,38263,113866,6612919,15496,10716,7024,65,1060,"01 TS Main"
2015-11-24,"New Visitor",48817,47815,144959,6643679,20900,15441,12214,34,1681,"01 TS Main"
2015-11-24,"Returning Visitor",32523,37336,116464,6758143,15628,10812,6854,51,1179,"01 TS Main"
2015-11-25,"New Visitor",53171,52315,156718,6567720,23376,16294,15458,20,2160,"01 TS Main"
2015-11-25,"Returning Visitor",32801,38881,122721,7320522,15747,11569,7965,48,1783,"01 TS Main"
2015-11-26,"New Visitor",53538,52767,168137,7517191,22676,16688,18828,14,2252,"01 TS Main"
2015-11-26,"Returning Visitor",31429,37108,126484,7149436,14915,11457,8913,20,1372,"01 TS Main"
2015-11-27,"New Visitor",64316,63575,201367,9176498,27109,20658,23050,24,3230,"01 TS Main"
2015-11-27,"Returning Visitor",37044,43511,150434,8658027,17758,13665,11036,24,1977,"01 TS Main"
2015-11-28,"New Visitor",76149,75188,233992,10542341,32988,23804,26745,41,3461,"01 TS Main"
2015-11-28,"Returning Visitor",43800,51772,187923,10544178,20512,16803,13281,34,2198,"01 TS Main"
2015-11-29,"New Visitor",74461,73310,234637,10464951,31429,23695,25916,31,3356,"01 TS Main"
2015-11-29,"Returning Visitor",43073,51187,183222,10358827,20652,16385,12833,48,2038,"01 TS Main"
2015-11-30,"New Visitor",53742,52940,173399,7677510,22914,17832,17622,31,2524,"01 TS Main"
2015-11-30,"Returning Visitor",32424,38345,135170,7765354,15186,12523,10085,31,1552,"01 TS Main"
2015-12-01,"New Visitor",52835,51578,165138,7280826,22591,17550,15288,14,1705,"01 TS Main"
2015-12-01,"Returning Visitor",31528,36680,125883,6809167,14674,11735,8641,31,1134,"01 TS Main"
2015-12-02,"New Visitor",57267,55790,168385,6817394,26609,17489,16620,20,1039,"01 TS Main"
2015-12-02,"Returning Visitor",35824,40593,127986,6627416,18569,11939,8053,24,768,"01 TS Main"
2015-12-03,"New Visitor",58076,55956,161483,6689398,27577,16932,16491,31,1036,"01 TS Main"
2015-12-03,"Returning Visitor",35855,39109,115296,6206317,18661,11355,7116,27,642,"01 TS Main"
2015-12-04,"New Visitor",71330,69798,195287,7870338,35590,20203,17703,65,1240,"01 TS Main"
2015-12-04,"Returning Visitor",50325,55814,161755,8468820,27937,15669,8312,48,611,"01 TS Main"
2015-12-05,"New Visitor",86278,84019,244545,9853161,40712,25920,20716,65,1430,"01 TS Main"
2015-12-05,"Returning Visitor",58456,66201,213191,10903445,30339,21110,11178,54,958,"01 TS Main"
2015-11-01,"New Visitor",67168,67168,166729,8153729,11843,20024,12587,0,2188,"01 NFS Main"
2015-11-01,"Returning Visitor",29824,37318,93025,5780964,8352,10767,6914,0,1365,"01 NFS Main"
2015-11-02,"New Visitor",78354,78354,191118,9891040,14397,22998,20340,0,3310,"01 NFS Main"
2015-11-02,"Returning Visitor",37183,46166,111379,7423750,9867,13405,12572,0,2850,"01 NFS Main"
2015-11-03,"New Visitor",172103,172103,344619,16175993,56530,34628,29028,0,3791,"01 NFS Main"
2015-11-03,"Returning Visitor",54958,67861,149441,10022815,15840,16611,11496,0,2400,"01 NFS Main"
2015-11-04,"New Visitor",177672,177672,342468,15788409,51720,34277,32565,0,3770,"01 NFS Main"
2015-11-04,"Returning Visitor",60522,73358,154349,10361771,18576,16425,10374,0,1851,"01 NFS Main"
2015-11-05,"New Visitor",209022,209022,394876,17301587,59803,39205,42541,0,3615,"01 NFS Main"
2015-11-05,"Returning Visitor",64851,78612,166057,10133935,19171,17914,10477,0,1526,"01 NFS Main"
2015-11-06,"New Visitor",204047,204047,379015,17010198,64783,37137,46073,0,2725,"01 NFS Main"
2015-11-06,"Returning Visitor",62823,74702,153568,9048798,19186,15820,9562,0,1102,"01 NFS Main"
2015-11-07,"New Visitor",197112,197112,357703,15258076,70700,33811,44749,0,2244,"01 NFS Main"
2015-11-07,"Returning Visitor",58598,69981,142087,7936810,20133,14248,9666,0,910,"01 NFS Main"
2015-11-08,"New Visitor",176948,176948,321471,13688943,62911,30843,40012,0,2157,"01 NFS Main"
2015-11-08,"Returning Visitor",57347,67664,131392,7862014,19119,13229,8962,0,791,"01 NFS Main"
2015-11-09,"New Visitor",140489,140489,257722,10797046,53846,24751,35068,0,1707,"01 NFS Main"
2015-11-09,"Returning Visitor",44041,52553,109527,6868361,15814,11103,7556,0,734,"01 NFS Main"
2015-11-10,"New Visitor",130337,130337,241877,9192105,53603,23148,35073,0,1226,"01 NFS Main"
2015-11-10,"Returning Visitor",37545,44578,92766,5580858,14718,9578,7462,0,688,"01 NFS Main"
2015-11-11,"New Visitor",123599,123599,233488,9295142,47971,22646,35451,0,1376,"01 NFS Main"
2015-11-11,"Returning Visitor",35663,42882,91432,5045819,14154,9490,7297,0,822,"01 NFS Main"
2015-11-12,"New Visitor",116333,116333,225183,8454390,41967,22832,26163,0,1319,"01 NFS Main"
2015-11-12,"Returning Visitor",35704,43456,95290,5052402,13689,9991,6661,0,631,"01 NFS Main"
2015-11-13,"New Visitor",123356,123356,231358,9062052,40322,22129,26157,0,1133,"01 NFS Main"
2015-11-13,"Returning Visitor",48772,56359,104542,6769528,12836,9578,5787,0,434,"01 NFS Main"
2015-11-14,"New Visitor",115883,115883,216500,8206473,39216,21938,26778,0,988,"01 NFS Main"
2015-11-14,"Returning Visitor",40627,48814,99438,5614705,13311,10369,5828,0,367,"01 NFS Main"
2015-11-15,"New Visitor",116023,116023,227288,8826630,39360,23355,25666,0,1019,"01 NFS Main"
2015-11-15,"Returning Visitor",39846,47014,95880,5689237,12934,10157,5616,0,326,"01 NFS Main"
2015-11-16,"New Visitor",75742,75742,150817,6119573,20577,17175,11460,0,926,"01 NFS Main"
2015-11-16,"Returning Visitor",33129,39128,76678,4412723,10012,7830,3972,0,290,"01 NFS Main"
2015-11-17,"New Visitor",71868,71868,149007,6078879,20381,16513,12117,0,724,"01 NFS Main"
2015-11-17,"Returning Visitor",29509,34659,68455,4141736,9102,7038,3967,0,326,"01 NFS Main"
2015-11-18,"New Visitor",69205,69205,139889,5691150,20226,15737,12443,0,750,"01 NFS Main"
2015-11-18,"Returning Visitor",25971,31526,62705,3521346,9562,6516,4339,0,264,"01 NFS Main"
2015-11-19,"New Visitor",71553,71553,141089,5650099,22946,15411,13896,0,734,"01 NFS Main"
2015-11-19,"Returning Visitor",24037,28981,61148,3283126,8600,6526,3786,0,295,"01 NFS Main"
2015-11-20,"New Visitor",71377,71377,143597,5716915,22506,15964,14335,0,729,"01 NFS Main"
2015-11-20,"Returning Visitor",24327,29757,62627,3624104,8900,6702,3822,0,233,"01 NFS Main"
2015-11-21,"New Visitor",86168,86168,165571,6461865,27119,17687,16414,0,708,"01 NFS Main"
2015-11-21,"Returning Visitor",31065,36971,73249,4155290,10436,7354,4582,0,274,"01 NFS Main"
2015-11-22,"New Visitor",83778,83778,169108,6690704,25232,18323,13601,0,853,"01 NFS Main"
2015-11-22,"Returning Visitor",29922,35911,71899,3870656,10519,7354,4561,0,228,"01 NFS Main"
2015-11-23,"New Visitor",79026,79026,148117,7689224,19838,15334,10493,0,750,"01 NFS Main"
2015-11-23,"Returning Visitor",45194,51860,86804,7633987,9841,7649,3439,0,290,"01 NFS Main"
2015-11-24,"New Visitor",79962,79962,141446,7635192,21162,13177,9981,0,672,"01 NFS Main"
2015-11-24,"Returning Visitor",44258,51120,87931,7479742,10498,7876,3243,0,202,"01 NFS Main"
2015-11-25,"New Visitor",84177,84177,149793,7916889,23960,14335,10022,0,636,"01 NFS Main"
2015-11-25,"Returning Visitor",48504,57342,99195,7752130,12706,8900,3346,0,233,"01 NFS Main"
2015-11-26,"New Visitor",80055,80055,144844,6609300,26199,13208,11020,0,734,"01 NFS Main"
2015-11-26,"Returning Visitor",37121,44232,77242,5079702,12536,6987,3739,0,321,"01 NFS Main"
2015-11-27,"New Visitor",70436,70436,135002,5513080,20241,14035,11646,0,1179,"01 NFS Main"
2015-11-27,"Returning Visitor",27104,32058,63475,3680763,9686,6299,3904,0,491,"01 NFS Main"
2015-11-28,"New Visitor",80789,80789,155362,6412415,23618,15892,11801,0,1200,"01 NFS Main"
2015-11-28,"Returning Visitor",27057,32374,64240,3460509,9159,6330,4096,0,414,"01 NFS Main"
2015-11-29,"New Visitor",75561,75561,143277,5819000,21508,14832,11672,0,1117,"01 NFS Main"
2015-11-29,"Returning Visitor",26287,31257,65528,3610069,8455,6837,4122,0,440,"01 NFS Main"
2015-11-30,"New Visitor",63258,63258,120584,5093578,19750,12582,11351,0,1127,"01 NFS Main"
2015-11-30,"Returning Visitor",21508,25718,53127,3162951,7731,5399,3558,0,336,"01 NFS Main"
2015-12-01,"New Visitor",70451,70451,129820,5177573,25816,12608,14620,0,921,"01 NFS Main"
2015-12-01,"Returning Visitor",21472,25237,54342,2986742,7509,5616,3842,0,300,"01 NFS Main"
2015-12-02,"New Visitor",63377,63377,117512,4614417,23391,11662,12055,0,843,"01 NFS Main"
2015-12-02,"Returning Visitor",21570,25589,51974,2780259,8621,5208,3791,0,290,"01 NFS Main"
2015-12-03,"New Visitor",63056,63056,120475,4832809,21591,12143,11677,0,729,"01 NFS Main"
2015-12-03,"Returning Visitor",20862,24782,49884,2523721,8378,5068,3615,0,300,"01 NFS Main"
2015-12-04,"New Visitor",62772,62772,118117,4686704,22625,11843,13234,0,760,"01 NFS Main"
2015-12-04,"Returning Visitor",20174,24011,47376,2382239,8171,4965,3687,0,274,"01 NFS Main"
2015-12-05,"New Visitor",79346,79346,144647,5582585,30290,14532,14796,0,807,"01 NFS Main"
2015-12-05,"Returning Visitor",22967,27337,55278,2901862,9288,5952,3951,0,248,"01 NFS Main"
2015-11-01,"New Visitor",2861,2861,4475,213082,579,347,383,4,38,"01 MEdge Main"
2015-11-01,"Returning Visitor",656,800,1333,72370,182,122,120,1,14,"01 MEdge Main"
2015-11-02,"New Visitor",2691,2691,4334,239535,541,360,371,1,30,"01 MEdge Main"
2015-11-02,"Returning Visitor",692,836,1478,100300,173,137,116,0,16,"01 MEdge Main"
2015-11-03,"New Visitor",2606,2606,4091,205160,610,318,329,4,33,"01 MEdge Main"
2015-11-03,"Returning Visitor",865,1044,1787,140359,205,162,106,1,12,"01 MEdge Main"
2015-11-04,"New Visitor",2696,2696,4098,215935,650,299,327,2,27,"01 MEdge Main"
2015-11-04,"Returning Visitor",703,848,1379,113293,192,145,98,1,8,"01 MEdge Main"
2015-11-05,"New Visitor",2133,2133,3394,167400,513,282,314,3,29,"01 MEdge Main"
2015-11-05,"Returning Visitor",495,634,1058,68194,188,113,98,0,13,"01 MEdge Main"
2015-11-06,"New Visitor",2251,2251,3591,179431,408,313,383,2,34,"01 MEdge Main"
2015-11-06,"Returning Visitor",498,619,1065,59389,175,104,92,1,9,"01 MEdge Main"
2015-11-07,"New Visitor",2492,2492,4058,196842,428,337,427,1,37,"01 MEdge Main"
2015-11-07,"Returning Visitor",573,709,1200,76563,183,100,127,0,10,"01 MEdge Main"
2015-11-08,"New Visitor",2383,2383,3972,212975,436,362,415,5,37,"01 MEdge Main"
2015-11-08,"Returning Visitor",569,683,1230,63961,171,126,117,1,18,"01 MEdge Main"
2015-11-09,"New Visitor",1911,1911,3331,165274,334,298,315,6,29,"01 MEdge Main"
2015-11-09,"Returning Visitor",395,482,875,52399,134,88,86,0,9,"01 MEdge Main"
2015-11-10,"New Visitor",2010,2010,3414,164743,386,318,352,0,24,"01 MEdge Main"
2015-11-10,"Returning Visitor",416,539,1034,61115,160,108,104,0,10,"01 MEdge Main"
2015-11-11,"New Visitor",1956,1956,3434,167813,368,334,360,1,30,"01 MEdge Main"
2015-11-11,"Returning Visitor",408,510,1021,62215,135,103,102,0,14,"01 MEdge Main"
2015-11-12,"New Visitor",1875,1875,3093,151700,348,267,322,3,36,"01 MEdge Main"
2015-11-12,"Returning Visitor",447,545,915,52590,151,81,91,1,10,"01 MEdge Main"
2015-11-13,"New Visitor",1995,1995,3454,163541,378,324,379,4,36,"01 MEdge Main"
2015-11-13,"Returning Visitor",444,547,987,64513,173,88,97,0,12,"01 MEdge Main"
2015-11-14,"New Visitor",2495,2495,4238,229086,449,392,418,4,30,"01 MEdge Main"
2015-11-14,"Returning Visitor",718,853,1518,116136,171,149,113,0,14,"01 MEdge Main"
2015-11-15,"New Visitor",2538,2538,4398,248532,423,407,418,4,43,"01 MEdge Main"
2015-11-15,"Returning Visitor",680,852,1531,112357,178,156,146,1,14,"01 MEdge Main"
2015-11-16,"New Visitor",1952,1952,3313,174727,346,285,312,2,45,"01 MEdge Main"
2015-11-16,"Returning Visitor",490,636,1167,68274,183,105,122,2,18,"01 MEdge Main"
2015-11-17,"New Visitor",2356,2356,3800,197966,410,331,347,3,26,"01 MEdge Main"
2015-11-17,"Returning Visitor",584,729,1205,92794,172,111,96,1,15,"01 MEdge Main"
2015-11-18,"New Visitor",2168,2168,3661,189457,373,321,326,0,41,"01 MEdge Main"
2015-11-18,"Returning Visitor",562,703,1117,77129,219,98,85,0,4,"01 MEdge Main"
2015-11-19,"New Visitor",2016,2016,3469,170935,345,351,364,1,43,"01 MEdge Main"
2015-11-19,"Returning Visitor",456,583,1093,75658,157,114,116,0,16,"01 MEdge Main"
2015-11-20,"New Visitor",1956,1956,3246,176326,386,291,328,2,28,"01 MEdge Main"
2015-11-20,"Returning Visitor",413,523,1001,45465,150,103,89,1,10,"01 MEdge Main"
2015-11-21,"New Visitor",2285,2285,3781,199011,438,340,398,0,29,"01 MEdge Main"
2015-11-21,"Returning Visitor",429,537,996,53302,158,107,124,2,10,"01 MEdge Main"
2015-11-22,"New Visitor",2298,2298,3885,195486,427,365,407,3,41,"01 MEdge Main"
2015-11-22,"Returning Visitor",461,592,1062,53602,175,98,122,0,14,"01 MEdge Main"
2015-11-23,"New Visitor",2011,2011,3553,181327,372,337,360,2,39,"01 MEdge Main"
2015-11-23,"Returning Visitor",381,458,812,55321,139,72,89,1,7,"01 MEdge Main"
2015-11-24,"New Visitor",1987,1987,3384,168202,370,318,360,4,40,"01 MEdge Main"
2015-11-24,"Returning Visitor",384,476,858,55837,130,78,77,2,11,"01 MEdge Main"
2015-11-25,"New Visitor",2673,2673,4071,230925,460,310,355,2,37,"01 MEdge Main"
2015-11-25,"Returning Visitor",797,930,1520,120724,179,127,117,3,13,"01 MEdge Main"
2015-11-26,"New Visitor",2757,2757,4265,243939,448,320,365,2,43,"01 MEdge Main"
2015-11-26,"Returning Visitor",758,891,1388,107267,189,127,122,1,23,"01 MEdge Main"
2015-11-27,"New Visitor",2790,2790,4520,234451,501,375,492,0,42,"01 MEdge Main"
2015-11-27,"Returning Visitor",526,645,1172,81345,170,119,129,0,11,"01 MEdge Main"
2015-11-28,"New Visitor",3001,3001,4905,245554,557,411,497,6,56,"01 MEdge Main"
2015-11-28,"Returning Visitor",622,769,1427,77738,198,151,144,5,12,"01 MEdge Main"
2015-11-29,"New Visitor",2909,2909,4766,233410,603,420,468,1,45,"01 MEdge Main"
2015-11-29,"Returning Visitor",595,722,1309,64078,202,129,123,3,17,"01 MEdge Main"
2015-11-30,"New Visitor",2304,2304,3887,206488,455,338,401,4,51,"01 MEdge Main"
2015-11-30,"Returning Visitor",442,545,961,49462,179,92,110,0,14,"01 MEdge Main"
2015-12-01,"New Visitor",2011,2011,3424,176397,405,304,345,1,40,"01 MEdge Main"
2015-12-01,"Returning Visitor",404,510,959,57454,168,99,101,1,10,"01 MEdge Main"
2015-12-02,"New Visitor",2211,2211,3689,192857,404,331,358,0,34,"01 MEdge Main"
2015-12-02,"Returning Visitor",432,528,945,62275,138,93,89,0,9,"01 MEdge Main"
2015-12-03,"New Visitor",2047,2047,3432,189246,358,293,332,8,34,"01 MEdge Main"
2015-12-03,"Returning Visitor",426,526,997,43207,167,103,96,1,10,"01 MEdge Main"
2015-12-04,"New Visitor",1986,1986,3290,157083,379,318,341,3,31,"01 MEdge Main"
2015-12-04,"Returning Visitor",467,596,1203,60574,168,114,108,1,17,"01 MEdge Main"
2015-12-05,"New Visitor",2309,2309,3962,199283,407,366,395,8,27,"01 MEdge Main"
2015-12-05,"Returning Visitor",483,598,1068,63398,206,110,105,0,10,"01 MEdge Main"
2015-11-01,"New Visitor",66520,66520,125918,6864262,7948,12217,8632,35,1946,"01 SWBF"
2015-11-01,"Returning Visitor",36981,48030,104255,6242692,8125,10849,6663,118,1627,"01 SWBF"
2015-11-02,"New Visitor",60707,60707,114880,6183990,9457,10247,8101,59,1722,"01 SWBF"
2015-11-02,"Returning Visitor",35023,44728,100140,6097223,7016,10684,6769,71,1462,"01 SWBF"
2015-11-03,"New Visitor",60282,60282,118158,6271713,8856,10696,8856,24,1781,"01 SWBF"
2015-11-03,"Returning Visitor",33679,44304,104338,6368869,6887,11427,6993,24,1840,"01 SWBF"
2015-11-04,"New Visitor",60683,60683,118041,6261642,8479,11380,10872,59,2064,"01 SWBF"
2015-11-04,"Returning Visitor",36639,47688,99479,5677100,7406,10696,7948,35,2170,"01 SWBF"
2015-11-05,"New Visitor",95718,95718,260939,24086455,9658,34091,11073,177,2382,"01 SWBF"
2015-11-05,"Returning Visitor",71803,90010,305160,41606756,7924,40306,8278,271,1875,"01 SWBF"
2015-11-06,"New Visitor",179042,179042,537538,56540838,15908,77794,15731,224,2854,"01 SWBF"
2015-11-06,"Returning Visitor",109786,142851,475653,67324753,11203,64869,11026,318,2653,"01 SWBF"
2015-11-07,"New Visitor",111708,111708,320785,26494941,12276,41379,17688,177,3479,"01 SWBF"
2015-11-07,"Returning Visitor",65223,85022,274099,31851929,9410,35306,11297,153,2370,"01 SWBF"
2015-11-08,"New Visitor",104668,104668,299016,23165763,12512,38231,18290,142,3491,"01 SWBF"
2015-11-08,"Returning Visitor",58395,76473,241175,25160341,9151,30377,10884,130,2594,"01 SWBF"
2015-11-09,"New Visitor",108937,108937,276422,20326458,17358,32464,18219,71,3585,"01 SWBF"
2015-11-09,"Returning Visitor",59681,78430,233746,21897576,11297,28113,12405,71,2630,"01 SWBF"
2015-11-10,"New Visitor",129656,129656,272142,17765781,34657,27523,19835,165,3821,"01 SWBF"
2015-11-10,"Returning Visitor",91661,118949,314853,27555289,22417,35318,13974,118,3278,"01 SWBF"
2015-11-11,"New Visitor",113005,113005,246871,17758705,32641,24481,17688,142,3137,"01 SWBF"
2015-11-11,"Returning Visitor",76980,107133,325431,29533004,22901,35731,13502,248,2665,"01 SWBF"
2015-11-12,"New Visitor",112475,112475,226258,15053125,36945,21332,16545,142,3007,"01 SWBF"
2015-11-12,"Returning Visitor",67157,92298,264925,23230408,24056,29858,13313,142,2818,"01 SWBF"
2015-11-13,"New Visitor",112227,112227,217555,13297140,38726,20412,17228,83,2842,"01 SWBF"
2015-11-13,"Returning Visitor",61921,84032,234548,19938894,22311,26544,13137,165,2724,"01 SWBF"
2015-11-14,"New Visitor",118524,118524,235149,14790629,37464,21556,15754,153,2960,"01 SWBF"
2015-11-14,"Returning Visitor",63478,87546,243817,19772127,23573,27051,13243,153,2783,"01 SWBF"
2015-11-15,"New Visitor",120965,120965,244465,16061092,40070,22441,18797,177,3679,"01 SWBF"
2015-11-15,"Returning Visitor",64197,88819,241446,18561169,27040,26934,13266,59,2783,"01 SWBF"
2015-11-16,"New Visitor",157356,157356,318073,19710808,48867,29386,24233,130,5259,"01 SWBF"
2015-11-16,"Returning Visitor",95564,129220,338827,25919703,31474,36815,20318,118,5106,"01 SWBF"
2015-11-17,"New Visitor",462080,462080,758962,38648703,130187,53242,47204,413,9269,"01 SWBF"
2015-11-17,"Returning Visitor",166754,222661,546441,39654713,49586,56249,30966,236,7889,"01 SWBF"
2015-11-18,"New Visitor",479709,479709,767664,39217751,112887,51060,47582,495,9080,"01 SWBF"
2015-11-18,"Returning Visitor",163582,214371,523281,39161207,50200,53820,27806,212,6686,"01 SWBF"
2015-11-19,"New Visitor",523659,523659,835140,38506135,126484,53478,52417,519,7229,"01 SWBF"
2015-11-19,"Returning Visitor",160764,215562,494827,33467008,57723,50872,33903,189,5236,"01 SWBF"
2015-11-20,"New Visitor",362482,362482,592007,27969186,93595,41261,48360,283,6981,"01 SWBF"
2015-11-20,"Returning Visitor",131566,169537,395654,29050017,44516,40365,22040,165,3856,"01 SWBF"
2015-11-21,"New Visitor",354428,354428,585828,27042821,96072,41426,44103,224,5766,"01 SWBF"
2015-11-21,"Returning Visitor",118441,155776,360147,23716143,44457,36721,22087,200,3750,"01 SWBF"
2015-11-22,"New Visitor",295490,295490,497893,23889725,82428,35860,38313,212,5401,"01 SWBF"
2015-11-22,"Returning Visitor",117581,150906,341905,24654311,40613,34245,17535,212,3443,"01 SWBF"
2015-11-23,"New Visitor",214407,214407,383614,19680938,68843,31285,32169,212,4115,"01 SWBF"
2015-11-23,"Returning Visitor",118088,147580,341009,26595635,42629,33490,13561,236,1946,"01 SWBF"
2015-11-24,"New Visitor",239925,239925,430288,19869461,69787,38360,33537,142,3290,"01 SWBF"
2015-11-24,"Returning Visitor",155764,191601,397505,28844089,42134,36898,14811,189,2087,"01 SWBF"
2015-11-25,"New Visitor",280078,280078,479898,19850711,68655,41261,35695,153,3585,"01 SWBF"
2015-11-25,"Returning Visitor",180929,216435,423543,28673938,41804,37629,15943,153,1958,"01 SWBF"
2015-11-26,"New Visitor",228322,228322,403154,16030691,58714,35624,35141,153,4269,"01 SWBF"
2015-11-26,"Returning Visitor",123382,148229,300679,19097068,35754,29127,14493,71,2134,"01 SWBF"
2015-11-27,"New Visitor",215055,215055,377907,15647820,58277,33726,34398,106,4009,"01 SWBF"
2015-11-27,"Returning Visitor",114019,138359,283958,18215195,35589,26910,15106,47,2028,"01 SWBF"
2015-11-28,"New Visitor",221152,221152,395996,16191373,61579,34917,33349,153,3785,"01 SWBF"
2015-11-28,"Returning Visitor",108831,132062,270986,16826492,36002,25401,14917,35,1910,"01 SWBF"
2015-11-29,"New Visitor",205445,205445,360501,15543199,57546,31509,31450,130,2948,"01 SWBF"
2015-11-29,"Returning Visitor",106248,128960,269807,17389879,32912,25554,13785,59,1781,"01 SWBF"
2015-11-30,"New Visitor",216824,216824,398885,16165135,66791,40223,23018,165,2842,"01 SWBF"
2015-11-30,"Returning Visitor",168783,203605,404392,25244172,55978,38679,11733,248,1450,"01 SWBF"
2015-12-01,"New Visitor",316469,316469,555734,23189324,71025,51803,28207,165,2795,"01 SWBF"
2015-12-01,"Returning Visitor",245751,302872,586170,36725292,69999,53443,18125,330,2040,"01 SWBF"
2015-12-02,"New Visitor",209089,209089,367977,14755476,44775,33360,25790,71,2406,"01 SWBF"
2015-12-02,"Returning Visitor",138347,165233,327613,20992815,39787,29988,13561,71,1521,"01 SWBF"
2015-12-03,"New Visitor",196141,196141,384156,15110541,39044,43513,21250,130,1969,"01 SWBF"
2015-12-03,"Returning Visitor",123206,145351,331174,20566289,33466,36804,10660,94,1333,"01 SWBF"
2015-12-04,"New Visitor",184561,184561,358485,14182349,40023,39787,19493,83,2087,"01 SWBF"
2015-12-04,"Returning Visitor",115069,138335,320962,19262466,34858,35506,10696,71,1533,"01 SWBF"
2015-12-05,"New Visitor",192155,192155,343461,13355264,44822,32641,23608,118,2594,"01 SWBF"
2015-12-05,"Returning Visitor",107793,129562,264465,15501066,37252,25872,12229,83,1757,"01 SWBF"
